Workbook

Sheet 제작
C1: 링크
A2: =RIGHT(C2, LEN(C2)-FIND("products/",C2)-LEN("products/")+1) -> 1159065 | B2: https://www.musinsa.com/review/goods/ | C2: https://www.musinsa.com/products/1159065 | G2: 예상 크롤링 리뷰수 | H2: 브랜드 수 | I2: 브랜드별 옷 수
A3: =RIGHT(C3, LEN(C3)-FIND("products/",C3)-LEN("products/")+1) -> 621274 | C3: https://www.musinsa.com/products/621274 | G3: 300 | H3: 5 | I3: 25 | J3: =G3*H3*I3 -> 37500
A4: =RIGHT(C4, LEN(C4)-FIND("products/",C4)-LEN("products/")+1) -> 1403008 | C4: https://www.musinsa.com/products/1403008
A5: =RIGHT(C5, LEN(C5)-FIND("products/",C5)-LEN("products/")+1) -> 1403480 | C5: https://www.musinsa.com/products/1403480
A6: =RIGHT(C6, LEN(C6)-FIND("products/",C6)-LEN("products/")+1) -> 545333 | C6: https://www.musinsa.com/products/545333
A7: =RIGHT(C7, LEN(C7)-FIND("products/",C7)-LEN("products/")+1) -> 703957 | C7: https://www.musinsa.com/products/703957
A8: =RIGHT(C8, LEN(C8)-FIND("products/",C8)-LEN("products/")+1) -> 1159066 | C8: https://www.musinsa.com/products/1159066
A9: =RIGHT(C9, LEN(C9)-FIND("products/",C9)-LEN("products/")+1) -> 987078 | C9: https://www.musinsa.com/products/987078
A10: =RIGHT(C10, LEN(C10)-FIND("products/",C10)-LEN("products/")+1) -> 947581 | C10: https://www.musinsa.com/products/947581
A11: =RIGHT(C11, LEN(C11)-FIND("products/",C11)-LEN("products/")+1) -> 2569788 | C11: https://www.musinsa.com/products/2569788
A12: =RIGHT(C12, LEN(C12)-FIND("products/",C12)-LEN("products/")+1) -> 987074 | C12: https://www.musinsa.com/products/987074
A13: =RIGHT(C13, LEN(C13)-FIND("products/",C13)-LEN("products/")+1) -> 987076 | C13: https://www.musinsa.com/products/987076
A14: =RIGHT(C14, LEN(C14)-FIND("products/",C14)-LEN("products/")+1) -> 2569796 | C14: https://www.musinsa.com/products/2569796
A15: =RIGHT(C15, LEN(C15)-FIND("products/",C15)-LEN("products/")+1) -> 684820 | C15: https://www.musinsa.com/products/684820
... A26: =RIGHT(C26, LEN(C26)-FIND("products/",C26)-LEN("products/")+1) -> 2893289 | C26: https://www.musinsa.com/products/2893289

Sheet 크롤링 링크
A1: =CONCATENATE(제작!$B$2,제작!A2) -> https://www.musinsa.com/review/goods/1159065
A2: =CONCATENATE(제작!$B$2,제작!A3) -> https://www.musinsa.com/review/goods/621274
A3: =CONCATENATE(제작!$B$2,제작!A4) -> https://www.musinsa.com/review/goods/1403008
A4: =CONCATENATE(제작!$B$2,제작!A5) -> https://www.musinsa.com/review/goods/1403480
A5: =CONCATENATE(제작!$B$2,제작!A6) -> https://www.musinsa.com/review/goods/545333
A6: =CONCATENATE(제작!$B$2,제작!A7) -> https://www.musinsa.com/review/goods/703957
A7: =CONCATENATE(제작!$B$2,제작!A8) -> https://www.musinsa.com/review/goods/1159066
A8: =CONCATENATE(제작!$B$2,제작!A9) -> https://www.musinsa.com/review/goods/987078
A9: =CONCATENATE(제작!$B$2,제작!A10) -> https://www.musinsa.com/review/goods/947581
A10: =CONCATENATE(제작!$B$2,제작!A11) -> https://www.musinsa.com/review/goods/2569788
A11: =CONCATENATE(제작!$B$2,제작!A12) -> https://www.musinsa.com/review/goods/987074
A12: =CONCATENATE(제작!$B$2,제작!A13) -> https://www.musinsa.com/review/goods/987076
... A25: =CONCATENATE(제작!$B$2,제작!A26) -> https://www.musinsa.com/review/goods/2893289
